               epoch,      train/box_loss,      train/obj_loss,      train/cls_loss,   metrics/precision,      metrics/recall,     metrics/mAP_0.5,metrics/mAP_0.5:0.95,        val/box_loss,        val/obj_loss,        val/cls_loss,               x/lr0,               x/lr1,               x/lr2
                   0,             0.11587,            0.032281,            0.089961,           0.0015122,             0.14943,           0.0037605,          0.00081777,             0.06054,            0.021965,            0.060027,              0.0973,              0.0003,              0.0003
                   1,             0.11238,            0.031402,            0.091292,            0.001582,             0.16667,           0.0035213,           0.0010748,            0.057585,            0.020655,            0.059861,            0.093698,          0.00069769,          0.00069769
                   2,              0.1022,            0.031302,            0.092832,           0.0017471,             0.26437,           0.0079941,            0.001769,            0.053455,            0.019003,            0.059577,            0.090093,           0.0010927,           0.0010927
                   3,            0.085216,            0.030233,            0.089208,           0.0015197,              0.3046,           0.0055513,           0.0013673,            0.048781,            0.017816,            0.059341,            0.086485,           0.0014851,           0.0014851
                   4,            0.077622,            0.028177,            0.088486,           0.0023823,             0.59195,            0.010266,           0.0030036,            0.042156,            0.016836,             0.05882,            0.082875,           0.0018749,           0.0018749
                   5,            0.071083,            0.026544,            0.088317,           0.0021083,                 0.5,            0.018832,           0.0033333,            0.037467,            0.015583,            0.057969,            0.079262,           0.0022621,           0.0022621
                   6,            0.064412,            0.027069,            0.086023,           0.0023745,             0.52299,            0.026969,           0.0075298,            0.034576,            0.015147,            0.057709,            0.075647,           0.0026465,           0.0026465
                   7,            0.058682,            0.025691,            0.084498,          0.00071088,             0.22989,            0.001259,          0.00034948,            0.040853,            0.015286,            0.057851,            0.072028,           0.0030284,           0.0030284
                   8,            0.057193,            0.024412,            0.084796,           0.0012505,             0.37356,            0.012301,           0.0033831,            0.040455,            0.015344,            0.057732,            0.068408,           0.0034076,           0.0034076
                   9,            0.056383,            0.025026,            0.084096,           0.0013699,             0.45977,           0.0043141,            0.001101,             0.03596,            0.015803,            0.057354,            0.064784,           0.0037842,           0.0037842
                  10,             0.05863,            0.023015,            0.084055,           0.0019932,             0.52874,           0.0082607,            0.001992,            0.040753,            0.012348,            0.057117,            0.061158,           0.0041581,           0.0041581
                  11,            0.054352,             0.02287,            0.085064,           0.0037227,             0.84483,            0.029619,           0.0091233,             0.03435,            0.010615,            0.056361,            0.057529,           0.0045294,           0.0045294
                  12,            0.054043,            0.020964,              0.0838,           0.0036749,             0.91379,            0.050147,            0.017268,            0.035123,             0.01009,            0.055911,            0.053898,            0.004898,            0.004898
                  13,            0.055558,            0.020641,            0.082389,           0.0044437,              0.8046,            0.078945,             0.02293,            0.039251,           0.0076828,            0.056171,            0.050264,            0.005264,            0.005264
                  14,            0.047651,            0.018845,            0.074173,           0.0050758,             0.44253,             0.02299,           0.0050166,            0.047719,           0.0068331,            0.056171,            0.046627,           0.0056274,           0.0056274
                  15,            0.049767,            0.019723,            0.080715,           0.0068966,            0.017241,           0.0074483,          0.00074483,            0.040545,            0.012335,            0.056526,            0.042988,           0.0059881,           0.0059881
                  16,            0.056151,            0.017836,            0.080876,                   0,                   0,                   0,                   0,            0.048205,             0.01158,            0.056621,            0.039346,           0.0063462,           0.0063462
                  17,            0.047968,             0.01706,            0.076139,           0.0062151,             0.33333,            0.049719,            0.021229,            0.036978,             0.01022,            0.055627,            0.035702,           0.0067017,           0.0067017
                  18,            0.045254,            0.016356,             0.07374,             0.76233,            0.040852,             0.11128,            0.049013,            0.034852,           0.0076904,            0.054989,            0.032054,           0.0070545,           0.0070545
                  19,            0.051109,            0.015294,            0.079559,           0.0023694,             0.37931,            0.040121,           0.0092451,            0.052519,           0.0072994,            0.056242,            0.028405,           0.0074047,           0.0074047
                  20,            0.046295,            0.016841,            0.082265,           0.0058478,             0.79885,            0.084625,            0.028333,            0.037392,            0.007493,            0.055746,            0.024752,           0.0077522,           0.0077522
                  21,            0.052569,            0.016616,            0.081475,           0.0083107,             0.71839,            0.084969,            0.020855,              0.0384,           0.0084286,            0.054752,            0.021097,           0.0080971,           0.0080971
                  22,            0.050646,            0.014224,            0.080804,           0.0044872,             0.04023,            0.020534,           0.0043361,            0.059693,           0.0083771,            0.055533,            0.017439,           0.0084393,           0.0084393
                  23,            0.043985,            0.014876,            0.076313,            0.010432,              0.6954,            0.097374,            0.037107,            0.034718,           0.0077477,            0.053357,            0.013779,            0.008779,            0.008779
                  24,             0.04935,            0.015503,            0.081151,           0.0093186,             0.55172,            0.062233,            0.028969,              0.0343,           0.0091896,            0.054327,            0.010116,           0.0091159,           0.0091159
                  25,            0.051392,            0.015657,            0.081548,           0.0040714,            0.063218,            0.012179,           0.0040513,            0.044676,             0.01285,            0.056952,            0.009175,            0.009175,            0.009175
                  26,            0.048039,            0.012677,            0.074561,           0.0073858,              0.1092,            0.038345,            0.015547,             0.04284,             0.01202,            0.056715,            0.009175,            0.009175,            0.009175
                  27,            0.046747,            0.013596,            0.080977,           0.0052171,              0.8046,             0.10755,            0.041113,            0.031518,           0.0090332,            0.053097,            0.009142,            0.009142,            0.009142
                  28,             0.04805,            0.014292,            0.080227,           0.0021251,             0.54598,            0.052145,            0.019512,            0.036188,              0.0105,            0.053759,            0.009109,            0.009109,            0.009109
                  29,            0.043174,            0.014027,            0.078901,           0.0021343,             0.40805,            0.067828,            0.031556,            0.037204,             0.01012,            0.054421,            0.009076,            0.009076,            0.009076
                  30,            0.042578,            0.013889,            0.073787,             0.25755,            0.057471,            0.078013,            0.039178,            0.032699,            0.011997,            0.054327,            0.009043,            0.009043,            0.009043
                  31,            0.044167,            0.012452,            0.071894,            0.018134,             0.32759,             0.10892,            0.041801,            0.035293,            0.010826,            0.053783,             0.00901,             0.00901,             0.00901
                  32,            0.045848,            0.012367,            0.077456,            0.005635,             0.38506,            0.090826,            0.051122,            0.043863,            0.016094,            0.053428,            0.008977,            0.008977,            0.008977
                  33,            0.043348,            0.013592,            0.077268,             0.63617,            0.028736,            0.066989,            0.027646,            0.036467,            0.016272,            0.052482,            0.008944,            0.008944,            0.008944
                  34,            0.039335,            0.012842,            0.076966,             0.90071,            0.011494,            0.087252,            0.037069,            0.035699,            0.025238,            0.053664,            0.008911,            0.008911,            0.008911
                  35,            0.041388,            0.012192,            0.070526,             0.48287,            0.011494,          0.00086455,          0.00016342,            0.041627,            0.021717,            0.054303,            0.008878,            0.008878,            0.008878
                  36,             0.04322,            0.013297,             0.07727,             0.93585,            0.011494,            0.064898,            0.025056,            0.037296,            0.019173,            0.053901,            0.008845,            0.008845,            0.008845
                  37,            0.045295,            0.012276,             0.07552,             0.99387,            0.011494,            0.025806,            0.011646,              0.0458,            0.013683,            0.053996,            0.008812,            0.008812,            0.008812
                  38,            0.041048,            0.012677,            0.076859,          0.00012204,            0.034483,          0.00012282,          1.7432e-05,            0.052921,            0.014435,            0.055296,            0.008779,            0.008779,            0.008779
                  39,            0.044197,            0.013129,            0.075465,          8.5353e-05,            0.017241,          6.9577e-05,          6.9577e-06,            0.052479,            0.016705,            0.055888,            0.008746,            0.008746,            0.008746
                  40,            0.040454,             0.01173,            0.074448,                   0,                   0,                   0,                   0,            0.052833,            0.014053,            0.055462,            0.008713,            0.008713,            0.008713
                  41,            0.039642,            0.012376,            0.075499,          0.00013579,            0.028736,          0.00012785,          2.0442e-05,            0.048909,            0.014881,            0.055438,             0.00868,             0.00868,             0.00868
                  42,             0.03742,            0.011658,             0.07428,          0.00041949,            0.074713,          0.00067496,          6.7496e-05,            0.049453,            0.012053,            0.055651,            0.008647,            0.008647,            0.008647
                  43,            0.044913,            0.012812,            0.072899,            0.007197,             0.52874,            0.067438,            0.026253,            0.036996,            0.010456,            0.053735,            0.008614,            0.008614,            0.008614
                  44,             0.04045,            0.012607,            0.073463,           0.0093548,             0.47701,              0.1215,            0.047624,            0.029691,            0.011883,            0.052908,            0.008581,            0.008581,            0.008581
                  45,            0.043104,            0.012295,            0.072136,             0.62798,            0.091954,             0.12224,            0.057702,            0.029663,            0.011522,            0.050826,            0.008548,            0.008548,            0.008548
                  46,            0.040353,            0.010714,             0.07246,             0.18685,             0.12185,             0.11052,            0.054081,            0.033495,            0.010689,            0.049998,            0.008515,            0.008515,            0.008515
                  47,            0.042205,            0.011179,            0.071271,             0.24503,             0.37123,             0.27886,             0.15265,            0.025466,           0.0063372,            0.048213,            0.008482,            0.008482,            0.008482
                  48,             0.04282,            0.010889,            0.072688,             0.23937,             0.27306,             0.23617,            0.097477,            0.029719,           0.0079575,            0.048579,            0.008449,            0.008449,            0.008449
                  49,            0.040354,            0.011431,            0.071811,             0.25992,             0.18713,             0.15163,            0.074457,            0.036099,           0.0085411,            0.051276,            0.008416,            0.008416,            0.008416
                  50,            0.035983,            0.010432,            0.064872,             0.67748,            0.097701,             0.13068,            0.058973,             0.03792,           0.0082092,            0.051418,            0.008383,            0.008383,            0.008383
                  51,            0.033154,            0.011427,            0.065247,              0.3293,            0.087311,             0.14985,            0.078386,            0.031447,           0.0090561,            0.049857,             0.00835,             0.00835,             0.00835
                  52,            0.038669,             0.01161,            0.070803,              0.6911,            0.074713,              0.1844,            0.093809,            0.031255,           0.0085316,            0.051039,            0.008317,            0.008317,            0.008317
                  53,            0.039521,            0.011865,            0.070962,             0.43045,             0.14472,             0.18342,            0.089103,            0.035903,           0.0074959,            0.048792,            0.008284,            0.008284,            0.008284
                  54,            0.036901,            0.011346,            0.063902,             0.38323,             0.25134,             0.24268,             0.13227,            0.027679,            0.006772,             0.04761,            0.008251,            0.008251,            0.008251
                  55,            0.034449,            0.012165,             0.06272,             0.31434,              0.3032,             0.21157,             0.11225,            0.028589,           0.0076408,            0.047527,            0.008218,            0.008218,            0.008218
                  56,            0.036137,            0.011342,            0.062331,             0.30502,             0.28146,             0.23469,             0.11042,            0.028584,           0.0069256,             0.04716,            0.008185,            0.008185,            0.008185
                  57,            0.038668,            0.010683,            0.068644,             0.49223,             0.20082,              0.2285,             0.10279,            0.034278,           0.0082769,            0.048236,            0.008152,            0.008152,            0.008152
                  58,            0.038912,            0.011039,            0.068582,             0.44178,             0.31528,             0.22069,             0.10454,            0.028787,           0.0078011,             0.04761,            0.008119,            0.008119,            0.008119
                  59,            0.036103,            0.012037,             0.06939,             0.51906,             0.24639,             0.19893,            0.089071,            0.026971,           0.0090847,            0.049313,            0.008086,            0.008086,            0.008086
                  60,            0.037135,            0.011077,            0.066747,             0.52384,              0.1739,             0.17931,            0.084606,            0.030925,           0.0087242,            0.049265,            0.008053,            0.008053,            0.008053
                  61,            0.041505,            0.011044,            0.064791,             0.37508,             0.33902,             0.26405,             0.13627,            0.027157,           0.0071201,            0.048047,             0.00802,             0.00802,             0.00802
                  62,            0.043618,            0.010844,             0.06406,             0.30363,             0.43141,             0.30985,              0.1637,            0.022382,           0.0069942,            0.047172,            0.007987,            0.007987,            0.007987
                  63,              0.0405,             0.01168,            0.067414,             0.40634,             0.30117,              0.2707,             0.15078,            0.022202,           0.0067558,            0.047976,            0.007954,            0.007954,            0.007954
                  64,            0.037933,            0.010609,            0.062108,             0.40123,             0.35352,             0.30606,             0.15838,            0.022311,            0.006217,            0.047409,            0.007921,            0.007921,            0.007921
                  65,            0.033469,           0.0098738,            0.058818,             0.43462,             0.37308,             0.28473,             0.13811,            0.024231,           0.0069466,            0.049762,            0.007888,            0.007888,            0.007888
                  66,             0.04025,            0.010945,            0.064352,             0.39876,             0.36156,             0.34023,             0.17286,            0.025554,           0.0059538,            0.046947,            0.007855,            0.007855,            0.007855
                  67,            0.040298,            0.011568,            0.064379,             0.43965,             0.26481,             0.26726,             0.14794,            0.022983,           0.0075874,             0.04651,            0.007822,            0.007822,            0.007822
                  68,            0.033624,           0.0096338,            0.058276,            0.018145,             0.12644,            0.069037,            0.033113,            0.031135,            0.018099,            0.053026,            0.007789,            0.007789,            0.007789
                  69,            0.040411,            0.011394,            0.063035,            0.028099,              0.2931,             0.11342,            0.063647,            0.031833,            0.015387,            0.051725,            0.007756,            0.007756,            0.007756
                  70,             0.03615,            0.010406,            0.063081,             0.13468,             0.31139,             0.19979,            0.091263,             0.02974,            0.011759,            0.050046,            0.007723,            0.007723,            0.007723
                  71,            0.035117,            0.010675,            0.055955,            0.024305,             0.48851,             0.13832,            0.068509,            0.037482,            0.012033,            0.051465,             0.00769,             0.00769,             0.00769
                  72,            0.038374,            0.010971,            0.062574,             0.44465,             0.18824,             0.22068,              0.1075,            0.030065,           0.0086632,            0.047409,            0.007657,            0.007657,            0.007657
                  73,            0.039423,            0.010125,            0.058677,             0.22362,             0.20279,             0.19036,             0.10057,            0.031159,            0.011559,            0.047172,            0.007624,            0.007624,            0.007624
                  74,            0.036475,            0.011188,            0.063691,             0.44337,             0.23532,             0.29145,             0.14783,            0.030615,           0.0086803,            0.043755,            0.007591,            0.007591,            0.007591
                  75,             0.03948,            0.010254,            0.064275,             0.45753,             0.46292,             0.37769,             0.20152,            0.025948,           0.0059958,            0.043826,            0.007558,            0.007558,            0.007558
                  76,            0.042234,            0.011607,            0.062188,             0.40183,             0.43672,             0.38249,             0.18037,            0.027405,           0.0060883,            0.042525,            0.007525,            0.007525,            0.007525
                  77,            0.032625,            0.010894,            0.054467,             0.32501,             0.56006,             0.40535,             0.20233,            0.023946,            0.005455,            0.042347,            0.007492,            0.007492,            0.007492
                  78,            0.037243,            0.010819,            0.060996,             0.39287,             0.51433,             0.40063,             0.17048,            0.028704,           0.0056496,            0.043506,            0.007459,            0.007459,            0.007459
                  79,            0.035828,           0.0099915,            0.061129,             0.33948,             0.36385,             0.32982,             0.17938,            0.024922,           0.0068569,            0.043932,            0.007426,            0.007426,            0.007426
                  80,             0.03967,            0.011578,             0.06296,             0.33517,            0.086207,             0.12753,            0.047399,              0.0431,           0.0094318,            0.047894,            0.007393,            0.007393,            0.007393
                  81,            0.035422,            0.010427,            0.055357,             0.34199,             0.38807,             0.41469,             0.24487,            0.022761,            0.006505,            0.043896,             0.00736,             0.00736,             0.00736
                  82,            0.037417,            0.011928,            0.062856,             0.39575,             0.29885,             0.32252,             0.16923,            0.023824,           0.0082874,            0.043128,            0.007327,            0.007327,            0.007327
                  83,            0.037028,            0.010383,            0.057603,             0.31961,             0.46046,             0.44204,             0.22624,            0.024369,           0.0060225,            0.042241,            0.007294,            0.007294,            0.007294
                  84,            0.039336,            0.009988,             0.05584,             0.34835,             0.35638,             0.34039,             0.18203,            0.024178,            0.007513,            0.044429,            0.007261,            0.007261,            0.007261
                  85,            0.038489,            0.010393,            0.059914,             0.29319,             0.39348,             0.39065,             0.18786,            0.026467,           0.0063601,            0.043766,            0.007228,            0.007228,            0.007228
                  86,            0.033684,            0.010807,            0.049953,             0.24042,             0.48946,             0.41993,              0.2296,             0.02297,           0.0058279,            0.043672,            0.007195,            0.007195,            0.007195
                  87,            0.030301,            0.010955,            0.052014,             0.27101,             0.31268,             0.34527,             0.17812,             0.02404,            0.006299,            0.046522,            0.007162,            0.007162,            0.007162
                  88,            0.031958,            0.010215,            0.051598,             0.26459,             0.37222,             0.31742,             0.14341,             0.02879,           0.0067234,            0.049786,            0.007129,            0.007129,            0.007129
                  89,            0.038523,            0.010122,            0.059654,              0.3122,             0.45241,             0.32887,             0.13411,            0.028598,           0.0066624,            0.045658,            0.007096,            0.007096,            0.007096
                  90,            0.034208,            0.010765,            0.058928,              0.2798,             0.39843,             0.34063,             0.19604,            0.025074,           0.0071173,            0.048698,            0.007063,            0.007063,            0.007063
                  91,            0.038063,           0.0099224,            0.061237,             0.38959,             0.23563,             0.20654,            0.081437,            0.036487,            0.009222,            0.050554,             0.00703,             0.00703,             0.00703
                  92,            0.033264,            0.011333,            0.056868,             0.24639,             0.48449,             0.32714,             0.16294,            0.025739,           0.0059414,            0.049975,            0.006997,            0.006997,            0.006997
                  93,            0.037228,            0.010656,            0.054459,             0.30854,             0.42668,             0.33314,             0.13279,            0.030554,           0.0055933,             0.04936,            0.006964,            0.006964,            0.006964
                  94,            0.035046,            0.010525,            0.054586,             0.39754,             0.29167,             0.25262,             0.13407,            0.031603,           0.0060854,            0.058797,            0.006931,            0.006931,            0.006931
                  95,            0.031787,           0.0097896,            0.047046,            0.022908,             0.51149,             0.13337,            0.057548,            0.031853,            0.012167,            0.055462,            0.006898,            0.006898,            0.006898
                  96,            0.032295,           0.0099286,            0.047312,             0.34068,             0.21375,             0.21151,             0.11282,            0.026528,           0.0099106,            0.057945,            0.006865,            0.006865,            0.006865
                  97,            0.040298,            0.010313,            0.052674,             0.30631,             0.36659,             0.31062,             0.16924,            0.024437,           0.0065546,            0.054137,            0.006832,            0.006832,            0.006832
                  98,            0.035708,            0.010639,            0.056991,             0.34296,             0.43781,             0.34431,             0.21727,            0.020266,           0.0058022,            0.057922,            0.006799,            0.006799,            0.006799
                  99,            0.037468,           0.0098016,            0.052536,             0.21489,             0.31859,             0.34069,             0.17133,            0.024888,           0.0063572,            0.053925,            0.006766,            0.006766,            0.006766
                 100,            0.036869,            0.011234,            0.053184,             0.27257,             0.41789,             0.36302,             0.17668,             0.02539,           0.0062475,            0.052624,            0.006733,            0.006733,            0.006733
                 101,            0.033623,            0.010229,            0.046071,             0.35441,             0.39678,             0.36383,             0.21778,             0.02226,           0.0057745,             0.05435,              0.0067,              0.0067,              0.0067
                 102,            0.035794,            0.010376,            0.053969,             0.36075,             0.25287,             0.28024,             0.16394,            0.031804,           0.0070496,            0.056999,            0.006667,            0.006667,            0.006667
                 103,             0.03393,            0.010506,            0.051221,             0.32151,             0.23266,             0.22084,             0.10826,            0.027388,            0.013294,             0.05286,            0.006634,            0.006634,            0.006634
                 104,            0.031107,            0.010113,            0.053245,            0.040019,             0.45977,             0.15172,            0.073539,            0.030566,            0.015211,             0.05182,            0.006601,            0.006601,            0.006601
                 105,            0.031445,             0.01017,             0.05642,             0.29544,             0.37356,             0.35333,             0.18631,            0.026836,           0.0056314,            0.047976,            0.006568,            0.006568,            0.006568
                 106,            0.034184,             0.01025,            0.048674,             0.28749,             0.50635,             0.36598,             0.19315,            0.021904,           0.0053835,            0.048792,            0.006535,            0.006535,            0.006535
                 107,            0.034194,            0.010535,            0.051471,             0.31993,             0.48531,             0.40504,             0.22892,            0.023159,           0.0058031,            0.048012,            0.006502,            0.006502,            0.006502
                 108,            0.035944,            0.010135,            0.051092,             0.45608,             0.17378,             0.24358,             0.11822,            0.034247,            0.010963,            0.048556,            0.006469,            0.006469,            0.006469
                 109,            0.034508,            0.011417,            0.049822,            0.036584,             0.52299,             0.17634,             0.10424,            0.034989,            0.011627,            0.050566,            0.006436,            0.006436,            0.006436
                 110,            0.031905,            0.011092,            0.046545,             0.34302,             0.53054,             0.43148,             0.26435,            0.021454,           0.0060549,             0.04392,            0.006403,            0.006403,            0.006403
                 111,            0.032001,            0.010036,            0.040676,             0.38586,             0.38605,             0.30072,             0.13436,            0.028431,           0.0094376,            0.047633,             0.00637,             0.00637,             0.00637
                 112,             0.03698,           0.0095184,            0.050098,             0.37148,             0.54266,             0.43523,             0.24024,            0.026129,           0.0057478,            0.045647,            0.006337,            0.006337,            0.006337
                 113,            0.036996,           0.0091519,            0.046306,             0.37981,             0.54785,             0.42138,             0.23135,            0.024133,            0.005784,            0.046652,            0.006304,            0.006304,            0.006304
                 114,            0.034628,           0.0099216,            0.053908,             0.32273,             0.48935,             0.36055,             0.20913,            0.022405,           0.0063686,            0.047929,            0.006271,            0.006271,            0.006271
                 115,            0.037447,            0.010588,            0.047603,             0.29778,             0.33799,             0.31348,             0.19611,            0.023472,           0.0073843,            0.052269,            0.006238,            0.006238,            0.006238
                 116,            0.034519,            0.010419,            0.047807,             0.26006,             0.38836,             0.34452,             0.20843,              0.0209,           0.0061598,            0.051843,            0.006205,            0.006205,            0.006205
                 117,            0.030115,           0.0097191,            0.040667,             0.38528,             0.31458,             0.34545,             0.19662,             0.02291,           0.0072441,            0.054398,            0.006172,            0.006172,            0.006172
                 118,            0.036156,            0.011219,            0.048844,             0.37327,             0.28557,              0.2914,             0.15389,            0.029921,           0.0082283,            0.056432,            0.006139,            0.006139,            0.006139
                 119,            0.035264,            0.011292,            0.044453,             0.34346,             0.30945,             0.35766,             0.19751,            0.020696,           0.0066214,            0.053759,            0.006106,            0.006106,            0.006106
                 120,            0.032248,           0.0099854,            0.048208,             0.33832,             0.50502,             0.36456,             0.19248,            0.022558,           0.0064869,            0.049833,            0.006073,            0.006073,            0.006073
                 121,            0.034291,           0.0099431,            0.048502,             0.35113,             0.36248,             0.37613,              0.2174,            0.027628,           0.0067196,            0.048568,             0.00604,             0.00604,             0.00604
                 122,            0.033717,            0.011118,             0.04202,             0.31658,             0.34027,             0.36398,             0.19764,            0.026445,           0.0078096,            0.047811,            0.006007,            0.006007,            0.006007
                 123,            0.031904,           0.0096597,            0.045811,             0.44244,             0.26586,             0.30158,             0.18026,            0.024525,            0.010609,            0.047775,            0.005974,            0.005974,            0.005974
                 124,             0.03509,            0.010173,            0.047762,             0.04584,             0.47701,             0.19517,             0.12196,            0.026258,            0.014744,            0.053522,            0.005941,            0.005941,            0.005941
                 125,            0.029863,           0.0092178,            0.039588,            0.057061,             0.34483,             0.20505,             0.12743,              0.0284,            0.013315,            0.053688,            0.005908,            0.005908,            0.005908
                 126,            0.035749,           0.0098134,            0.042805,             0.61798,            0.091354,             0.14522,            0.068327,            0.037586,           0.0098114,            0.056621,            0.005875,            0.005875,            0.005875
                 127,            0.035422,            0.010963,            0.046704,             0.34122,             0.24346,             0.26572,              0.1653,            0.026569,           0.0094643,            0.052624,            0.005842,            0.005842,            0.005842
                 128,            0.030494,           0.0089572,            0.039285,             0.44389,              0.2886,             0.36729,             0.22579,            0.023526,           0.0065165,            0.055415,            0.005809,            0.005809,            0.005809
                 129,            0.034326,             0.01046,            0.042021,             0.54244,             0.32868,             0.36143,             0.21309,            0.021876,           0.0064974,            0.058986,            0.005776,            0.005776,            0.005776
                 130,            0.038113,            0.010509,            0.044208,             0.54395,             0.26536,             0.35822,             0.21063,            0.022359,           0.0072412,            0.060925,            0.005743,            0.005743,            0.005743
                 131,            0.036196,           0.0097826,            0.042257,              0.2791,              0.3908,             0.28557,             0.18306,            0.025237,            0.010607,            0.058371,             0.00571,             0.00571,             0.00571
                 132,            0.032588,            0.010099,            0.048309,             0.60539,             0.17816,             0.30909,             0.18095,            0.025163,             0.00984,            0.057945,            0.005677,            0.005677,            0.005677
                 133,            0.032119,            0.010373,            0.042164,             0.49981,              0.1153,             0.23642,             0.11782,            0.027328,            0.011574,            0.055202,            0.005644,            0.005644,            0.005644
                 134,            0.034581,            0.010922,            0.043968,             0.46617,             0.22206,             0.26621,             0.15921,             0.02447,            0.011244,            0.052884,            0.005611,            0.005611,            0.005611
                 135,            0.031235,           0.0087724,            0.042274,             0.49838,             0.33596,             0.32862,             0.20054,            0.023961,           0.0091076,            0.048721,            0.005578,            0.005578,            0.005578
                 136,            0.034295,            0.010635,            0.046503,             0.44287,              0.4879,             0.41841,             0.21914,             0.02575,           0.0077782,            0.047385,            0.005545,            0.005545,            0.005545
                 137,            0.033053,           0.0092819,            0.045214,             0.52716,             0.48741,             0.40487,              0.2364,            0.022557,           0.0079069,            0.051559,            0.005512,            0.005512,            0.005512
                 138,            0.034311,           0.0099328,            0.040507,              0.5344,              0.3085,             0.37346,             0.23363,            0.023429,           0.0089798,            0.052505,            0.005479,            0.005479,            0.005479
                 139,            0.034575,           0.0098076,            0.042105,             0.46358,             0.31553,             0.37072,             0.19627,            0.024085,           0.0077229,            0.051796,            0.005446,            0.005446,            0.005446
                 140,            0.029516,            0.010113,            0.035799,             0.46113,              0.5179,             0.45392,             0.26446,            0.021992,           0.0063868,            0.051488,            0.005413,            0.005413,            0.005413
                 141,            0.031502,           0.0099033,            0.042083,             0.45039,             0.50217,             0.48507,               0.282,            0.022081,           0.0058632,            0.045966,             0.00538,             0.00538,             0.00538
                 142,            0.032238,           0.0093088,             0.04043,             0.40326,             0.50814,             0.49405,              0.2761,            0.021825,           0.0062084,             0.04651,            0.005347,            0.005347,            0.005347
                 143,            0.029402,           0.0095993,            0.034678,             0.44761,             0.55511,             0.52007,             0.31686,            0.021201,           0.0055513,            0.048579,            0.005314,            0.005314,            0.005314
                 144,             0.03304,           0.0099375,            0.037703,             0.38868,             0.57791,             0.54777,             0.29602,            0.022783,           0.0057755,            0.049029,            0.005281,            0.005281,            0.005281
                 145,            0.032927,            0.010142,            0.039211,             0.43792,             0.48291,             0.45313,             0.22777,             0.02361,           0.0060158,            0.052695,            0.005248,            0.005248,            0.005248
                 146,            0.031112,            0.010297,            0.038001,             0.41463,              0.3918,             0.38592,             0.17376,            0.028613,           0.0063515,            0.052269,            0.005215,            0.005215,            0.005215
                 147,             0.02925,           0.0083832,             0.03174,             0.46814,             0.42305,             0.41161,             0.19393,            0.023007,           0.0063686,            0.056361,            0.005182,            0.005182,            0.005182
                 148,            0.032913,           0.0090989,            0.038451,             0.59722,             0.30929,             0.38594,             0.22847,            0.023843,           0.0067492,            0.060594,            0.005149,            0.005149,            0.005149
                 149,            0.037015,           0.0094653,            0.039572,             0.53921,              0.2931,             0.33276,             0.20818,            0.023713,           0.0081825,            0.057709,            0.005116,            0.005116,            0.005116
                 150,            0.028035,           0.0091166,            0.033547,             0.44332,             0.30168,             0.39858,             0.22962,             0.02203,           0.0080986,            0.057425,            0.005083,            0.005083,            0.005083
                 151,            0.030613,           0.0094249,            0.042392,             0.52254,             0.33787,             0.34773,             0.18959,            0.024243,           0.0083733,            0.058347,             0.00505,             0.00505,             0.00505
                 152,            0.033091,           0.0097615,            0.037673,             0.53784,             0.38021,             0.41246,             0.20652,            0.023428,           0.0070333,            0.063527,            0.005017,            0.005017,            0.005017
                 153,            0.032582,           0.0093572,            0.038746,             0.56909,             0.21483,             0.28695,             0.12873,            0.026833,           0.0091381,            0.063172,            0.004984,            0.004984,            0.004984
                 154,            0.030905,           0.0087474,            0.032214,             0.55791,             0.26632,             0.30926,             0.12411,            0.028056,           0.0078316,            0.061091,            0.004951,            0.004951,            0.004951
                 155,            0.035709,           0.0095253,            0.040214,             0.47024,             0.28086,             0.35375,             0.19856,            0.023251,           0.0092316,            0.055296,            0.004918,            0.004918,            0.004918
                 156,            0.032981,           0.0094615,            0.037302,            0.035829,             0.72414,             0.26863,             0.13634,            0.026702,            0.010389,            0.059151,            0.004885,            0.004885,            0.004885
                 157,            0.032827,           0.0098631,            0.033963,             0.45172,             0.32178,             0.46484,             0.26378,            0.022206,           0.0062809,            0.058276,            0.004852,            0.004852,            0.004852
                 158,            0.034003,           0.0093751,            0.035136,             0.36952,             0.44455,             0.52801,             0.29795,            0.021058,           0.0056829,            0.053499,            0.004819,            0.004819,            0.004819
                 159,            0.031559,           0.0096274,            0.039131,              0.3981,             0.49643,             0.51489,             0.26644,            0.025066,           0.0056295,            0.051181,            0.004786,            0.004786,            0.004786
                 160,            0.035528,           0.0092312,            0.039781,             0.58245,             0.35057,               0.407,             0.21854,            0.026228,            0.007411,              0.0561,            0.004753,            0.004753,            0.004753
                 161,            0.030462,           0.0098814,            0.034009,              0.5889,             0.29085,             0.38323,             0.20946,            0.027052,           0.0079165,            0.060523,             0.00472,             0.00472,             0.00472
                 162,            0.035094,           0.0097136,            0.036208,             0.56252,             0.28736,             0.40548,              0.2345,            0.021216,           0.0059938,            0.060712,            0.004687,            0.004687,            0.004687
                 163,             0.03348,           0.0095344,            0.035468,             0.53697,             0.31928,             0.38689,              0.2338,            0.021847,            0.006238,            0.058607,            0.004654,            0.004654,            0.004654
                 164,            0.037106,           0.0088866,            0.035986,             0.55153,             0.33004,             0.42757,             0.25225,              0.0206,           0.0064354,            0.060168,            0.004621,            0.004621,            0.004621
                 165,            0.037287,           0.0081917,            0.034611,             0.47344,             0.30931,             0.41233,             0.25078,            0.020708,           0.0068741,            0.060618,            0.004588,            0.004588,            0.004588
                 166,            0.033379,           0.0088233,            0.035834,             0.54326,             0.31866,             0.38377,             0.20288,            0.025136,           0.0086956,            0.054019,            0.004555,            0.004555,            0.004555
                 167,            0.036226,           0.0094079,            0.037456,             0.52281,             0.45927,             0.47242,             0.27287,            0.022716,           0.0073843,            0.054563,            0.004522,            0.004522,            0.004522
                 168,            0.032425,           0.0088534,            0.037698,             0.62439,             0.30844,             0.41518,             0.24253,            0.022563,           0.0080729,            0.058442,            0.004489,            0.004489,            0.004489
                 169,             0.03454,           0.0092316,            0.037382,             0.59605,             0.31123,             0.41996,             0.23904,            0.022324,           0.0077124,            0.058016,            0.004456,            0.004456,            0.004456
                 170,            0.032356,             0.01026,            0.035935,              0.5513,             0.32447,              0.4136,             0.23081,             0.02391,           0.0075302,            0.059317,            0.004423,            0.004423,            0.004423
                 171,            0.036227,           0.0099638,            0.034662,             0.46994,             0.36279,             0.44172,             0.24139,            0.025718,           0.0082531,            0.054516,             0.00439,             0.00439,             0.00439
                 172,            0.032386,           0.0089893,            0.037174,             0.48852,             0.41752,              0.3796,             0.20997,            0.024599,           0.0089359,            0.052198,            0.004357,            0.004357,            0.004357
                 173,            0.031798,           0.0096625,            0.033707,             0.49938,             0.31783,             0.37835,             0.21338,            0.023494,           0.0084038,            0.051488,            0.004324,            0.004324,            0.004324
                 174,            0.029888,           0.0080395,            0.035545,             0.48064,             0.32362,             0.35699,             0.21193,            0.024597,           0.0086212,            0.051772,            0.004291,            0.004291,            0.004291
                 175,            0.028938,           0.0096203,            0.034854,             0.48813,             0.23847,             0.38011,             0.19318,            0.028153,           0.0082474,            0.053191,            0.004258,            0.004258,            0.004258
                 176,            0.034105,           0.0093671,            0.034192,             0.46882,             0.41169,             0.42514,             0.26689,            0.020657,           0.0073376,            0.052695,            0.004225,            0.004225,            0.004225
                 177,            0.029682,           0.0086201,            0.029295,             0.43131,             0.37571,             0.44128,             0.27692,            0.021009,           0.0072355,            0.051985,            0.004192,            0.004192,            0.004192
                 178,            0.033744,            0.009183,            0.036541,              0.4766,             0.34618,             0.41773,             0.26327,            0.021796,           0.0072441,             0.05927,            0.004159,            0.004159,            0.004159
                 179,            0.031171,           0.0093314,            0.035114,             0.59537,             0.30649,             0.31266,             0.18106,            0.024559,           0.0094776,            0.061517,            0.004126,            0.004126,            0.004126
                 180,            0.033621,           0.0089729,            0.037704,             0.68872,             0.16667,             0.24181,             0.12957,            0.025685,            0.008955,            0.073153,            0.004093,            0.004093,            0.004093
                 181,            0.029268,           0.0087551,            0.034963,             0.59477,             0.10638,             0.20984,             0.11497,            0.026027,            0.010004,            0.070078,             0.00406,             0.00406,             0.00406
                 182,            0.034598,           0.0090237,            0.037724,             0.60671,             0.16561,             0.25179,             0.14321,            0.024275,           0.0090828,            0.068636,            0.004027,            0.004027,            0.004027
                 183,            0.030182,           0.0094806,            0.034414,             0.56274,               0.156,             0.22538,             0.12887,            0.024759,           0.0093098,            0.069321,            0.003994,            0.003994,            0.003994
                 184,            0.030908,            0.008802,            0.028935,             0.56114,             0.24536,             0.36078,             0.20889,            0.023891,           0.0082035,            0.064946,            0.003961,            0.003961,            0.003961
                 185,            0.031389,           0.0085433,            0.033023,             0.53329,             0.26204,             0.38036,             0.20509,            0.022917,           0.0075741,            0.063858,            0.003928,            0.003928,            0.003928
                 186,            0.030533,           0.0097068,            0.030534,             0.53919,             0.23563,              0.4311,             0.23985,            0.023251,           0.0069914,            0.064757,            0.003895,            0.003895,            0.003895
                 187,            0.030746,           0.0085592,            0.033548,              0.4985,             0.25552,             0.37577,             0.22511,            0.021824,           0.0075645,            0.063953,            0.003862,            0.003862,            0.003862
                 188,            0.032328,            0.010626,            0.029371,             0.46323,             0.32527,             0.45125,             0.28975,            0.020469,           0.0069294,            0.056644,            0.003829,            0.003829,            0.003829
                 189,            0.033936,           0.0093815,            0.030457,             0.49344,             0.53547,             0.59457,              0.3579,            0.020244,           0.0055771,            0.048355,            0.003796,            0.003796,            0.003796
                 190,            0.032547,             0.01023,            0.035916,             0.59017,             0.32449,               0.386,             0.24169,             0.02002,           0.0063992,             0.06847,            0.003763,            0.003763,            0.003763
                 191,            0.031253,           0.0091169,            0.034655,             0.58062,             0.31477,             0.42046,             0.24243,            0.020682,           0.0061607,            0.067926,             0.00373,             0.00373,             0.00373
                 192,             0.02835,           0.0096707,            0.030441,             0.49517,             0.34173,             0.44976,             0.24072,            0.020453,           0.0060606,            0.062131,            0.003697,            0.003697,            0.003697
                 193,            0.030136,           0.0089249,            0.031614,             0.48611,             0.28794,             0.39618,             0.19071,            0.024521,           0.0063057,            0.064544,            0.003664,            0.003664,            0.003664
                 194,            0.031132,           0.0098898,            0.032307,             0.57158,             0.27306,             0.39885,              0.2469,            0.020897,            0.006361,            0.075636,            0.003631,            0.003631,            0.003631
                 195,            0.031173,           0.0092461,            0.031156,             0.62956,             0.27301,             0.41525,             0.24038,             0.02244,           0.0066061,            0.076653,            0.003598,            0.003598,            0.003598
                 196,            0.033704,           0.0094941,            0.032875,             0.70782,             0.25601,             0.38464,             0.22601,            0.021788,           0.0076094,             0.07216,            0.003565,            0.003565,            0.003565
                 197,            0.027272,           0.0088695,            0.026541,             0.59597,             0.29654,             0.38444,             0.22122,            0.023377,           0.0086651,            0.063527,            0.003532,            0.003532,            0.003532
                 198,            0.028895,            0.008985,            0.030872,              0.6358,             0.35964,             0.42023,             0.24966,             0.02333,            0.008852,            0.062202,            0.003499,            0.003499,            0.003499
                 199,            0.030196,           0.0091569,            0.029754,             0.55509,             0.34898,             0.40216,             0.23778,            0.022134,           0.0085602,            0.060996,            0.003466,            0.003466,            0.003466
                 200,            0.029149,            0.009604,            0.030292,              0.5128,             0.26978,             0.35984,             0.19847,            0.023384,           0.0092468,            0.060547,            0.003433,            0.003433,            0.003433
                 201,            0.031062,           0.0087085,            0.027943,             0.56903,             0.23964,             0.32459,             0.19304,            0.026125,             0.01029,            0.061919,              0.0034,              0.0034,              0.0034
                 202,            0.029651,           0.0089982,            0.031295,             0.58128,             0.30427,             0.38354,             0.21602,            0.024269,           0.0095139,             0.05901,            0.003367,            0.003367,            0.003367
                 203,            0.026727,           0.0081765,            0.022461,             0.63196,             0.32183,             0.42793,             0.25965,            0.022009,           0.0093155,            0.058584,            0.003334,            0.003334,            0.003334
                 204,            0.026154,           0.0090101,            0.023673,             0.65076,             0.31598,             0.44842,              0.2648,            0.022328,           0.0087452,            0.061753,            0.003301,            0.003301,            0.003301
                 205,            0.027047,           0.0085122,            0.023968,             0.69724,             0.31447,             0.45155,             0.27227,            0.022563,           0.0083523,            0.065277,            0.003268,            0.003268,            0.003268
                 206,            0.027239,           0.0083076,            0.026004,             0.60988,             0.26378,              0.4452,             0.27742,            0.022131,           0.0082493,            0.062321,            0.003235,            0.003235,            0.003235
                 207,            0.027403,           0.0090193,            0.026072,             0.61188,             0.33982,             0.43151,             0.25354,            0.022752,            0.008028,            0.059128,            0.003202,            0.003202,            0.003202
                 208,            0.029078,           0.0087033,            0.032712,             0.52988,             0.38682,             0.48213,             0.29472,            0.018978,           0.0068741,            0.057378,            0.003169,            0.003169,            0.003169
                 209,            0.027953,           0.0086248,            0.028781,             0.57249,             0.41743,             0.47492,             0.28736,            0.019372,           0.0067759,            0.062368,            0.003136,            0.003136,            0.003136
                 210,            0.025225,           0.0087331,            0.024598,             0.56651,             0.35633,             0.45125,             0.25353,            0.021242,           0.0071192,            0.062983,            0.003103,            0.003103,            0.003103
                 211,            0.030439,           0.0092657,            0.029119,             0.54595,             0.27234,             0.41844,             0.24246,            0.022435,           0.0081043,             0.06497,             0.00307,             0.00307,             0.00307
                 212,            0.031387,            0.009383,            0.029088,             0.53484,             0.31183,             0.40172,             0.24713,            0.023001,           0.0084534,            0.065088,            0.003037,            0.003037,            0.003037
                 213,            0.025462,           0.0084231,            0.020912,             0.63325,             0.18339,             0.27586,             0.15195,            0.025539,            0.011282,            0.062297,            0.003004,            0.003004,            0.003004
                 214,            0.028311,           0.0093973,            0.026965,             0.57187,             0.21678,             0.33471,             0.20524,            0.023952,           0.0087643,            0.065514,            0.002971,            0.002971,            0.002971
                 215,            0.028358,           0.0084735,            0.026159,             0.64002,             0.18966,             0.38914,             0.24766,            0.021068,           0.0083485,            0.068092,            0.002938,            0.002938,            0.002938
                 216,            0.023136,           0.0081642,            0.022053,             0.57487,             0.24538,             0.41651,             0.26653,            0.019564,           0.0074377,             0.06925,            0.002905,            0.002905,            0.002905
                 217,            0.030086,           0.0087796,             0.02795,              0.5605,             0.26513,             0.36704,              0.2239,            0.021033,           0.0075274,            0.070741,            0.002872,            0.002872,            0.002872
                 218,            0.027174,           0.0083539,            0.029161,             0.67924,             0.24913,             0.38717,             0.22686,            0.021795,           0.0086079,            0.067216,            0.002839,            0.002839,            0.002839
                 219,            0.029282,           0.0090769,            0.024627,             0.68573,             0.25463,             0.31902,             0.18077,            0.023079,           0.0095081,             0.06724,            0.002806,            0.002806,            0.002806
                 220,            0.029342,           0.0082531,            0.028082,             0.74888,             0.25649,             0.39294,             0.24166,            0.020572,           0.0079308,            0.067831,            0.002773,            0.002773,            0.002773
                 221,            0.032618,           0.0095529,            0.027704,             0.49403,             0.32996,             0.32884,             0.18319,            0.025602,           0.0089779,            0.068943,             0.00274,             0.00274,             0.00274
                 222,            0.030233,           0.0084858,            0.025707,            0.034519,             0.25287,            0.088566,            0.052782,            0.029605,            0.017794,            0.061138,            0.002707,            0.002707,            0.002707
                 223,            0.026552,           0.0086254,            0.026147,            0.027181,             0.35632,             0.13105,            0.071314,            0.029314,            0.015211,            0.063976,            0.002674,            0.002674,            0.002674
                 224,            0.026207,           0.0083332,            0.024705,             0.56118,             0.35077,             0.38732,             0.23254,            0.022963,           0.0084553,            0.073531,            0.002641,            0.002641,            0.002641
                 225,             0.02483,           0.0083164,            0.020794,             0.70914,             0.24288,             0.26928,             0.17178,            0.021484,           0.0087242,            0.069274,            0.002608,            0.002608,            0.002608
                 226,            0.029574,           0.0084711,            0.026086,             0.64272,             0.13868,             0.22218,             0.12503,            0.024625,           0.0089931,            0.070575,            0.002575,            0.002575,            0.002575
                 227,            0.027638,           0.0086744,            0.027908,             0.30792,             0.34657,               0.276,             0.16854,            0.023618,           0.0098228,            0.068659,            0.002542,            0.002542,            0.002542
                 228,            0.027865,           0.0080146,            0.024436,             0.61093,             0.16926,             0.36062,             0.22358,            0.020597,           0.0082493,            0.073153,            0.002509,            0.002509,            0.002509
                 229,            0.027495,           0.0086845,            0.020775,             0.55792,               0.218,             0.35978,             0.21317,            0.021359,           0.0079613,             0.07443,            0.002476,            0.002476,            0.002476
                 230,            0.025831,           0.0081422,            0.025467,             0.44432,             0.27534,             0.32578,             0.19061,            0.019707,           0.0083733,            0.072112,            0.002443,            0.002443,            0.002443
                 231,            0.032052,           0.0084471,            0.029163,             0.47484,             0.21681,             0.35228,             0.19771,            0.019917,           0.0080814,            0.067429,             0.00241,             0.00241,             0.00241
                 232,            0.027098,           0.0090642,            0.025004,             0.51699,             0.28074,             0.38027,             0.22429,             0.02005,           0.0081768,            0.063503,            0.002377,            0.002377,            0.002377
                 233,            0.029078,           0.0082617,            0.028641,             0.59588,             0.26067,             0.36679,             0.18383,            0.021854,           0.0085354,            0.063811,            0.002344,            0.002344,            0.002344
                 234,            0.029223,           0.0095917,            0.027273,              0.5946,             0.26131,             0.34927,             0.18253,            0.022218,           0.0082874,            0.062936,            0.002311,            0.002311,            0.002311
                 235,            0.029233,           0.0091988,            0.023542,             0.57309,             0.32685,             0.43217,             0.24219,            0.020798,           0.0072994,            0.060854,            0.002278,            0.002278,            0.002278
                 236,            0.024846,           0.0083937,            0.021148,             0.53504,             0.34267,             0.46312,             0.29587,            0.019171,           0.0062838,            0.065348,            0.002245,            0.002245,            0.002245
                 237,            0.028122,            0.009415,            0.026958,             0.57591,              0.2983,             0.41979,             0.27353,            0.019718,           0.0061903,            0.071072,            0.002212,            0.002212,            0.002212
                 238,            0.030295,           0.0080064,            0.027375,             0.62245,             0.24226,             0.44371,             0.28427,            0.019461,           0.0065298,            0.075565,            0.002179,            0.002179,            0.002179
                 239,            0.027003,           0.0079574,            0.026589,             0.59936,             0.27468,             0.41361,             0.27747,            0.019561,           0.0071173,            0.074832,            0.002146,            0.002146,            0.002146
                 240,            0.022467,           0.0076252,            0.022393,             0.64006,             0.24116,             0.35594,             0.21926,            0.020968,           0.0072556,            0.077741,            0.002113,            0.002113,            0.002113
                 241,            0.026753,           0.0089078,            0.027078,             0.56772,             0.29012,             0.34527,             0.20289,            0.022351,           0.0071363,            0.077079,             0.00208,             0.00208,             0.00208
                 242,            0.028223,           0.0089751,            0.022863,             0.64663,             0.31338,             0.36067,             0.22038,            0.020433,           0.0069504,            0.074312,            0.002047,            0.002047,            0.002047
                 243,            0.027838,            0.008879,             0.02578,               0.652,             0.27285,             0.34086,             0.20251,              0.0206,           0.0070934,            0.074998,            0.002014,            0.002014,            0.002014
                 244,            0.027121,           0.0088519,            0.025098,             0.62638,             0.23874,              0.4047,             0.23909,            0.020244,           0.0072069,            0.071521,            0.001981,            0.001981,            0.001981
                 245,            0.023923,           0.0089901,            0.020362,             0.57634,             0.32505,             0.43585,             0.26904,            0.019231,           0.0066395,            0.066767,            0.001948,            0.001948,            0.001948
                 246,            0.028265,           0.0081007,            0.019343,              0.5444,             0.33062,              0.4785,             0.30326,            0.018609,           0.0062466,            0.065797,            0.001915,            0.001915,            0.001915
                 247,            0.025489,           0.0080308,            0.024405,             0.53797,             0.33681,             0.48896,             0.31103,            0.018724,           0.0061255,            0.065916,            0.001882,            0.001882,            0.001882
                 248,            0.023479,           0.0082713,            0.020294,             0.53802,              0.3331,             0.48583,             0.30047,            0.018959,           0.0062103,            0.066602,            0.001849,            0.001849,            0.001849
                 249,            0.027325,           0.0081367,            0.025471,              0.5522,             0.33401,             0.47151,             0.29008,            0.018742,           0.0066957,            0.067571,            0.001816,            0.001816,            0.001816
                 250,            0.026624,           0.0093325,             0.02139,             0.53867,             0.30859,             0.43093,             0.26383,            0.019291,           0.0074377,            0.070315,            0.001783,            0.001783,            0.001783
                 251,             0.02631,            0.007982,            0.026108,             0.58902,             0.26157,             0.43716,             0.27419,            0.018959,           0.0072899,            0.068494,             0.00175,             0.00175,             0.00175
                 252,            0.022345,           0.0081283,            0.018503,             0.61033,             0.32115,             0.43751,             0.27537,            0.019302,           0.0071039,            0.066247,            0.001717,            0.001717,            0.001717
                 253,            0.025223,            0.008072,             0.02211,             0.59598,             0.33372,             0.45287,             0.28929,            0.019132,           0.0074215,            0.065372,            0.001684,            0.001684,            0.001684
                 254,            0.027893,            0.007525,             0.01896,             0.61536,              0.3636,             0.52276,             0.32668,            0.018931,           0.0066109,            0.063432,            0.001651,            0.001651,            0.001651
                 255,            0.026631,           0.0086682,            0.021396,             0.61011,             0.30662,             0.44564,             0.26815,            0.019349,           0.0066614,            0.070528,            0.001618,            0.001618,            0.001618
                 256,            0.023027,           0.0079282,             0.02465,             0.63387,             0.23127,             0.38848,             0.23048,            0.018461,           0.0071726,            0.077623,            0.001585,            0.001585,            0.001585
                 257,            0.024709,           0.0080892,             0.02344,             0.66339,             0.16466,             0.36811,             0.21532,            0.019949,           0.0078754,            0.079515,            0.001552,            0.001552,            0.001552
                 258,            0.025995,           0.0086661,             0.02392,             0.67993,             0.23029,             0.40346,             0.24654,            0.019657,           0.0073671,            0.077434,            0.001519,            0.001519,            0.001519
                 259,            0.022075,           0.0079961,            0.019387,             0.69117,             0.26526,             0.40562,             0.25269,            0.018381,           0.0069056,            0.074217,            0.001486,            0.001486,            0.001486
                 260,            0.023256,           0.0081409,             0.01731,             0.65388,             0.27276,             0.40914,             0.25119,            0.018795,           0.0068626,            0.071332,            0.001453,            0.001453,            0.001453
                 261,            0.023463,           0.0081106,            0.018502,             0.69121,             0.28877,             0.41239,             0.25837,            0.018215,           0.0065489,            0.071001,             0.00142,             0.00142,             0.00142
                 262,            0.026008,           0.0084656,            0.020907,             0.66136,              0.2304,             0.39238,             0.23527,            0.018768,           0.0071011,            0.071663,            0.001387,            0.001387,            0.001387
                 263,            0.025734,            0.009012,            0.017877,             0.65957,             0.18654,             0.35657,             0.21696,            0.019439,           0.0075569,            0.074217,            0.001354,            0.001354,            0.001354
                 264,            0.026998,           0.0082771,            0.021558,             0.65968,              0.2069,             0.35406,             0.22673,             0.01921,            0.007369,            0.076677,            0.001321,            0.001321,            0.001321
                 265,            0.026496,           0.0081597,            0.023338,             0.65996,             0.21943,             0.38053,             0.23663,            0.018728,           0.0072393,            0.076204,            0.001288,            0.001288,            0.001288
                 266,            0.024557,           0.0079029,            0.016397,             0.67221,             0.20145,             0.39169,             0.24762,            0.019493,           0.0074024,            0.075755,            0.001255,            0.001255,            0.001255
                 267,            0.028819,           0.0076802,            0.018469,             0.72437,             0.19081,             0.35458,             0.21636,            0.019528,            0.007515,             0.07767,            0.001222,            0.001222,            0.001222
                 268,              0.0212,           0.0087177,              0.0184,             0.71313,             0.16119,             0.33092,             0.19372,            0.020822,           0.0076323,            0.079491,            0.001189,            0.001189,            0.001189
                 269,            0.024566,           0.0079641,            0.021258,             0.67937,              0.1598,             0.34679,             0.20994,            0.020058,           0.0076599,            0.079681,            0.001156,            0.001156,            0.001156
                 270,            0.025499,           0.0082224,            0.023577,             0.71396,             0.16026,             0.33473,             0.20547,            0.021339,           0.0077524,            0.079633,            0.001123,            0.001123,            0.001123
                 271,            0.022836,           0.0086199,            0.019558,              0.6862,             0.19487,             0.34688,             0.21697,            0.019676,            0.007596,            0.077836,             0.00109,             0.00109,             0.00109
                 272,             0.02516,           0.0085957,            0.018834,             0.61645,             0.20925,             0.38926,             0.24454,            0.019321,            0.007309,            0.075565,            0.001057,            0.001057,            0.001057
                 273,            0.026191,           0.0093181,            0.026207,             0.62594,             0.23878,              0.4001,             0.24671,            0.018736,           0.0069466,            0.074879,            0.001024,            0.001024,            0.001024
                 274,            0.021796,           0.0077883,            0.019782,             0.62385,             0.24275,             0.39705,             0.25355,             0.01873,            0.006794,            0.074738,            0.000991,            0.000991,            0.000991
                 275,            0.025884,           0.0088754,            0.023514,             0.60496,               0.239,             0.40014,             0.24211,            0.019428,            0.006958,            0.075376,            0.000958,            0.000958,            0.000958
                 276,             0.02729,           0.0084019,            0.016601,             0.57741,             0.25468,             0.39809,              0.2454,            0.019029,           0.0072947,            0.074714,            0.000925,            0.000925,            0.000925
                 277,            0.023727,           0.0083611,            0.021226,             0.58738,             0.26426,             0.40427,             0.25264,            0.018892,           0.0072985,            0.074123,            0.000892,            0.000892,            0.000892
                 278,            0.027771,           0.0086415,            0.024549,             0.62182,             0.27065,             0.41893,             0.25991,              0.0189,           0.0072794,            0.071261,            0.000859,            0.000859,            0.000859
                 279,            0.021235,           0.0077626,            0.013793,              0.6358,             0.28365,              0.4498,             0.28571,            0.018181,           0.0073338,            0.069724,            0.000826,            0.000826,            0.000826
                 280,            0.021291,           0.0068817,            0.016956,             0.62945,             0.30672,             0.46165,              0.2914,            0.018198,           0.0072012,             0.06873,            0.000793,            0.000793,            0.000793
                 281,            0.022257,           0.0077318,            0.014213,             0.58556,             0.29951,             0.46749,             0.29849,            0.018298,           0.0071678,            0.069865,             0.00076,             0.00076,             0.00076
                 282,            0.025181,           0.0074012,            0.020691,             0.57879,             0.26856,             0.44597,             0.28832,             0.01819,           0.0072603,            0.070291,            0.000727,            0.000727,            0.000727
                 283,             0.02368,           0.0084074,             0.01437,             0.56842,             0.27909,              0.4669,             0.30133,            0.017943,           0.0070763,              0.0697,            0.000694,            0.000694,            0.000694
                 284,            0.027389,           0.0077457,            0.024175,             0.57339,              0.3022,             0.49175,             0.31056,            0.017998,           0.0069208,            0.068777,            0.000661,            0.000661,            0.000661
                 285,            0.026421,           0.0081076,            0.021167,             0.59968,             0.30211,             0.45476,             0.28199,            0.018217,           0.0071325,            0.069369,            0.000628,            0.000628,            0.000628
                 286,            0.024967,           0.0077657,            0.016294,             0.62027,              0.3067,             0.44333,             0.27841,            0.018412,           0.0073767,             0.07048,            0.000595,            0.000595,            0.000595
                 287,             0.02416,           0.0082079,            0.023892,             0.62379,             0.29891,             0.45026,             0.27711,            0.018452,           0.0073919,             0.07197,            0.000562,            0.000562,            0.000562
                 288,            0.019669,           0.0077403,            0.013207,             0.61516,             0.28793,             0.44223,             0.27306,            0.018356,           0.0072994,             0.07197,            0.000529,            0.000529,            0.000529
                 289,            0.020489,           0.0073329,            0.015232,              0.6136,             0.29543,             0.42887,             0.26753,            0.018284,           0.0071087,            0.071592,            0.000496,            0.000496,            0.000496
